{
  "Картриджи": 1.0744654669152827,
  "Корректоры": 1.1194198368061237,
  "Микроблейдинг": 1.187210788281882,
  "Пигменты для ареол": 1.0367784583012631,
  "Пигменты для бровей": 1.0112118741888292,
  "Пигменты для век": 1.0501643093756237,
  "Пигменты для губ": 1.0950664641916812,
  "Пигменты для камуфляжа": 1.0291633749842377,
  "Расходные материалы": 1.3817779755300692,
  "Ремуверы и разбавитель": 1.0674364819400843,
  "Уход": 1.1397084175181276
}