{
  "Картриджи": 1.0034661730544863,
  "Корректоры": 0.990431190786054,
  "Микроблейдинг": 0.9900229937749214,
  "Пигменты для ареол": 0.9958682548013845,
  "Пигменты для бровей": 0.9995753392002769,
  "Пигменты для век": 0.9946858853030586,
  "Пигменты для губ": 0.9902334777405137,
  "Пигменты для камуфляжа": 0.9968710242702278,
  "Расходные материалы": 1.0483730725511933,
  "Ремуверы и разбавитель": 1.0063431589426082,
  "Уход": 1.0268633627306925
}