{
  "feature_cols_log": [
    "seller_sku",
    "marketplace",
    "price_month",
    "category",
    "subcategory",
    "family_id",
    "is_new",
    "total_quantity",
    "total_revenue",
    "days_with_sales",
    "marketplaces_type",
    "year",
    "month_num",
    "is_q4",
    "is_summer",
    "qty_lag_1",
    "qty_lag_2",
    "qty_lag_3",
    "qty_lag_6",
    "qty_lag_12",
    "qty_roll_mean_3",
    "qty_roll_mean_6",
    "qty_trend_3",
    "price_lag_1",
    "price_roll_mean_3"
  ],
  "cat_feature_indices": [
    0,
    1,
    3,
    4,
    5,
    10
  ],
  "target_col_log": "target_log",
  "category_col": "category",
  "last_train_time": "2026-01-08 12:10:34",
  "metrics": {
    "val": {
      "rmse": 0.3596199577285255,
      "mae": 0.10579729500410726,
      "mape": 4.003917815186112,
      "wape": 3.9384180276147553,
      "bias": -0.030914569443180485
    },
    "test_full_nocal": {
      "rmse": 0.36267401560018825,
      "mae": 0.10482970918638831,
      "mape": 4.0022784345428795,
      "wape": 3.952547948253067,
      "bias": -0.0226631558456967
    },
    "test_full_calib": {
      "rmse": 0.3241157685758411,
      "mae": 0.10150570639659218,
      "mape": 4.017070953748178,
      "wape": 3.8272182062480002,
      "bias": 0.006448878014225135
    }
  }
}